---
layout: post
title: MySQL SELECT 수식 만들기
date: 2024-04-24 17:29 +0900
description: MySQL MySQL SELECT 수식 만들기에 대해서 알아보기
image: ../assets/img/sql03.jpg
category: MySQL
tags: MySQL 에스큐엘 데이터베이스 테이블 db table
published: true
sitemap: true
---

오늘은 다양한 SELECT구문에 대해서 알아보려고 하는데요, 어떻게 수식을 만드느냐에 따라 결과값도 달라질테니 차이를 비교해보면서 따라해보세요!
<br>

# SELECT

### 전체 데이터 가져오기

- SELECT * FROM (테이블명);

````bash
mysql> SELECT * FROM members3;
+----------+---------+---------+--------+----------+------------+
| memberID | youName | youPass | youAge | youBirth | regTime    |
+----------+---------+---------+--------+----------+------------+
|        1 | 가나다  | 1234    |     33 |   990304 | 1023958375  |
|        2 | 라마바  | 1234    |     19 |    60121 | 1023958375  |
|        3 | 사아자  | 1234    |     21 |    40416 | 1231231233  |
|        4 | 차카파  | 1234    |     26 |   990123 | 1104781152  |
+----------+---------+---------+--------+----------+------------+
14 rows in set (0.00 sec)
````

▶ SELECT 구문에서 *는 전체 데이터를 의미하기 때문에 FROM 다음에 지정한 테이블명을 입력하면 내가 테이블에 저장한 데이터 정보를 모두 불러오게 됩니다.

<br>

### 이름 데이터만 가져오기

- SELECT (필드명) FROM (테이블명);

````bash
mysql> SELECT youName FROM members3;
+---------+
| youName |
+---------+
| 가나다   |
| 라마바   |
| 사아자   |
| 차카파   |
+---------+
4 rows in set (0.00 sec)
````

▶ 만약 내가 지정한 데이터 정보들 중에서 이름 정보만 가져오고 싶다면 SELECT다음에 필드명을 입력하고 FROM 뒤에 지정한 테이블명을 입력하면 됩니다. 

<br>

### 이름 + 나이 데이터만 가져오기

- SELECT (필드명), (필드명) FROM (테이블명);

````bash
mysql> SELECT youName, youAge FROM members;
+---------+--------+
| youName | youAge |
+---------+--------+
| 가나다  |     33  |
| 다나다  |     19  |
| 마사아  |     21  |
| 사아마  |     26  |
| 자차가  |     26  |
| 가타나  |     32  |
| 아라마  |     20  |
| 사바자  |     29  |
+---------+--------+
8 rows in set (0.00 sec)
````

▶ 만약 하나가 아닌 여러개의 데이터정보를 가져오고 싶다면 이름 정보만 가져왔던 구문에서 가져오고 싶은 필드명을 ,로 추가만 해주시면 됩니다. 예시처럼 저는 전체 members라는 테이블에서 이름과 나이 필드명만 가져왔습니다.

<br>

### 내림차순 & 오름차순 불러오기

- SELECT * FROM (테이블명) ORDER By (필드명) DESC; -> 내림차순

````bash
mysql> SELECT * FROM members ORDER By youName DESC;
+----------+---------+---------+--------+----------+------------+
| memberID | youName | youPass | youAge | youBirth | regTime    |
+----------+---------+---------+--------+----------+------------+
|        7 | 황00    | 1234    |     20 |   990315 | 1474187756 |
|        1 | 평00    | 1234    |     33 |   990304 | 1023958375 |
|        4 | 최00    | 1234    |     26 |   990123 | 1104781152 |
|       10 | 이00    | 1215    |     24 |    10712 | 1023958375 |
|       14 | 안00    | 1234    |     33 |   840816 | 1023958375 |
|        5 | 서00    | 1234    |     26 |    11019 | 1111100000 |
|       15 | 박00    | 1232    |     33 |   990304 | 1023958375 |
|        8 | 김00    | 1234    |     29 |   961017 | 1023958375 |
+----------+---------+---------+--------+----------+------------+
8 rows in set (0.00 sec)
````

- SELECT * FROM (테이블명) ORDER By (필드명) ASC; -> 오름차순

````bash
mysql> SELECT * FROM members ORDER By youName ASC;
+----------+---------+---------+--------+----------+------------+
| memberID | youName | youPass | youAge | youBirth | regTime    |
+----------+---------+---------+--------+----------+------------+
|        7 | 김00    | 1234    |     20 |   990315 | 1474187756 |
|        1 | 박00    | 1234    |     33 |   990304 | 1023958375 |
|        4 | 서00    | 1234    |     26 |   990123 | 1104781152 |
|       10 | 안00    | 1215    |     24 |    10712 | 1023958375 |
|       14 | 이00    | 1234    |     33 |   840816 | 1023958375 |
|        5 | 최00    | 1234    |     26 |    11019 | 1111100000 |
|       15 | 평00    | 1232    |     33 |   990304 | 1023958375 |
|        8 | 황00    | 1234    |     29 |   961017 | 1023958375 |
+----------+---------+---------+--------+----------+------------+
8 rows in set (0.00 sec)
````

▶ 오름차순과 내림차순은 순서를 '정렬'해주는 것이기 때문에 기본 규칙이 정해져 있는데,<br>
바로 **SELECT * FROM (테이블명) ORDER By (필드명) DESC/ASC;** 입니다.<br>
여기서 DESC는 내림차순, ASC는 올림차순을 의미하며 ORDER BY 다음에 내가 정렬하고 싶은 필드값을 넣어준 후 어떤 방식으로 정렬을 할 지 붙여주면 해당 구문으로 데이터가 정렬되는 걸 확인할 수 있습니다.

<br>

### 부등호를 사용해 특정 데이터만 불러오기

#### memberID가 1인 데이터

- SELECT * FROM (테이블명) WHERE (필드명) = 1;

````bash
mysql> SELECT * FROM members3(테이블명) WHERE memberID(필드명) = 1;
+----------+---------+---------+--------+----------+------------+
| memberID | youName | youPass | youAge | youBirth | regTime    |
+----------+---------+---------+--------+----------+------------+
|        1 | 황00    | 1234    |     33 |   990304 | 1023958375 |
+----------+---------+---------+--------+----------+------------+
1 row in set (0.00 sec)
````

▶ 만약 여러 정보가 아닌 특정값 딱 하나만 나오게 하고 싶다면 어떻게 해야할까요?<br>
그럴땐 위의 예시처럼 전체 테이블 중 내가 정보를 보고 싶은 필드명을 지정해준 수 '='을 통해 특정 데이터값을 지정해주면 됩니다. 그럼 그에 해당하는 값과 동일한 정보의 데이터만 확인할 수 있습니다.

#### memberID가 5보다 크고 10보다 작은 데이터

- SELECT * FROM (테이블명) WHERE (필드명) > 5 AND (필드명) < 10;

````bash
mysql> SELECT * FROM members3(테이블명) WHERE memberID(필드명) > 5 AND memberID(필드명) < 10;
+----------+---------+---------+--------+----------+------------+
| memberID | youName | youPass | youAge | youBirth | regTime    |
+----------+---------+---------+--------+----------+------------+
|        6 | 김00    | 1234    |     32 |   930604 | 1023958375 |
|        7 | 황00    | 1234    |     20 |   990315 | 1474187756 |
|        8 | 박00    | 1234    |     29 |   961017 | 1023958375 |
|        9 | 강00    | 1234    |     27 |   980420 |  123456744 |
+----------+---------+---------+--------+----------+------------+
4 rows in set (0.00 sec)
````

▶ 좀 더 변형을 해서 알아볼까요?<br>
만약 이번엔 5~10 사이에 해당하는 조건에 맞는 정보만 불러오고 싶다면 >, <와 같은 부등호와 AND, OR같은 논리연산자를 같이 사용해주면 되는데 우리가 배운 수학 공식과 같다고 보시면 이해하기 쉽습니다.<br>
조금 차이가 있다면 부등호 마다 각각 필드명을 입력해서 지정해주어야 한다는 점 잊지마세요!

<br>

## 테이블 데이터 입력

- INSERT INTO 테이블명 Field(필드명) VALUES(값);

````bash
INSERT INTO members(youName, youPass, youAge, youBirth, regTime) VALUES("가나다", "1234", "33", "990304", "1023958375");
INSERT INTO members(youName, youPass, youAge, youBirth, regTime) VALUES("라마바", "1234", "33", "990304", "1023958375");
INSERT INTO members(youName, youPass, youAge, youBirth, regTime) VALUES("사아자", "1234", "33", "990304", "1023958375");
````

▶ 데이터를 추가하는 문법은 **INSERT INTO 테이블명 Field(필드명) VALUES(값);** 을 작성해주시면 되는데 위에서 지정한 필드명을 입력한 후 VALUES 값으로 어떤 내용을 넣을 지를 입력해주시면 데이터가 입력됩니다.<br>
이 때 주의할 점은 각각의 필드명을 지정한 int, varchar 타입에 맞춰 작성해주셔야 합니다.

<br>

## 테이블 데이터 삭제 & 초기화

- drop table 테이블명;

````bash
mysql> drop table members;
Query OK, 0 rows affected (0.00 sec)
````

- truncate table 테이블명;

````bash
mysql> truncate table members;
Query OK, 0 rows affected (0.01 sec)
````

▶ 테이블에서 데이터를 삭제하는 명령어는 drop, 초기화하는 명령어는 truncate 입니다.

<br>

## 테이블 합치기(JOIN)

▶ 테이블을 합치기 위해선 또 하나의 테이블이 필요합니다.
위에서 알려드렸듯이 create table 테이블명; 을 이용해 저는 reviews라는 테이블을 하나 더 만들었고 reviewID, youText라는 필드명을 추가해주었습니다. 

````bash
create table reviews(
    reviewID int(10) unsigned auto_increment,
    memberID int(10) unsigned,
    youText tinytext NOT NULL,
    regTime int(30) NOT NULL,
    PRIMARY KEY(reviewID)
) charset=utf8;
````

▶ 그런 다음 youText에 어떤 텍스트가 나오면 좋을 지 INSERT INTO 테이블명 Field(필드명) VALUES(값);를 이용해 데이터를 입력해주었습니다. 확인을 해보시면 이렇게 메시지들이 입력된 걸 알 수 있습니다.

````bash
INSERT INTO reviews(memberID, youText, regTime) VALUES("3", "진심으로 감사합니다.", "1023958375");
INSERT INTO reviews(memberID, youText, regTime) VALUES("2", "너무 고마워요!", "1023958375");
INSERT INTO reviews(memberID, youText, regTime) VALUES("5", "정말 고마워요!", "1023958375");

mysql> SELECT * FROM reviews;
+----------+----------+------------------------+------------+
| reviewID | memberID | youText                | regTime    |
+----------+----------+------------------------+------------+
|        1 |        3 | 진심으로 감사합니다.     | 1023958375 |
|        2 |        2 | 너무 고마워요!           | 1023958375 |
|        3 |        5 | 정말 고마워요!           | 1023958375 |
|        4 |        1 | 진심으로 감사드립니다.   | 1023958375 |
|        5 |        7 | 너무나 감사합니다.       | 1023958375 |
|        6 |        4 | 정말 고맙습니다!         | 1023958375 |
|        7 |        9 | 너무나 감사합니다!       | 1023958375 |
|        8 |        8 | 진심으로 고마워요.       | 1023958375 |
|        9 |        3 | 정말 고맙습니다!         | 1023958375 |
|       10 |       35 | 너무나 감사드립니다!     | 1023958375 |
+----------+----------+------------------------+------------+
10 rows in set (0.00 sec)
````

▶ 이제 추가된 테이블과 기존에 만들어둔 테이블을 JOIN으로 합쳐주면 되는데,<br>
아래의 예시에서 보듯 제가 만든 테이블은 members 와 reviews 이기 때문에 m,r이라는 약자로 테이블명을 표시하고 어떤 필드값을 넣을지를 순차적으로 입력해준 후 ON으로 실행시켜주면<br>
내가 원하는 필드값만 합친 테이블표를 확인하실 수 있습니다.


- SELECT [필드명] FROM [테이블.앨리어스] JOIN [테이블.앨리어스] ON [기준이 되는 조건문]

````bash
SELECT m.youName, m.youAge, r.youText, r.regTime FROM members m JOIN reviews r ON (m.memberID = r.memberID);
+---------+--------+------------------------+------------+
| youName | youAge | youText                | regTime    |
+---------+--------+------------------------+------------+
| 김진우  |     21 | 진심으로 감사합니다.     | 1023958375 |
| 남윤서  |     19 | 너무 고마워요!           | 1023958375 |
| 서대원  |     26 | 정말 고마워요!           | 1023958375 |
| 황상연  |     33 | 진심으로 감사드립니다.   | 1023958375 |
| 황인지  |     20 | 너무나 감사합니다.       | 1023958375 |
| 최선화  |     26 | 정말 고맙습니다!         | 1023958375 |
| 강서연  |     27 | 너무나 감사합니다!       | 1023958375 |
| 박정민  |     29 | 진심으로 고마워요.       | 1023958375 |
| 김진우  |     21 | 정말 고맙습니다!         | 1023958375 |
+---------+--------+------------------------+------------+
9 rows in set (0.00 sec)
````

<br>
이렇게 오늘은 데이터베이스와 테이블에 대해 알아봤는데요,<br>
다음엔 다른 SQL 관련하여 정보를 알려드리는 글을 들고 오도록 할게요😁!<br>